metadata,Citation,URL,Number of Data Points
acari_Newton_and_Proctor_2013,"Newton, J. S., & Proctor, H. C. (2013). A fresh look at weight-estimation models for soil mites (Acari). International Journal of Acarology, 39(1), 72?85. ",https://doi.org/10.1080/01647954.2012.744351,1
acrididae_Bellinger_and_Pienkowski_1985,"Bellinger, R. G., & Pienkowski, R. L. (1985). Interspecific variation in ovariole number in Melanopline grasshoppers (Orthoptera: Acrididae). Annals of the Entomological Society of America, 78(1), 127?130. ",https://doi.org/10.1093/aesa/78.1.127,13
acrididae_Garcia-Navas_et_al_2017,"GarcĪa-Navas, V., Noguerales, V., Cordero, P. J., & Ortego, J. (2017). Ecological drivers of body size evolution and sexual size dimorphism in short-horned grasshoppers (Orthoptera: Acrididae). Journal of Evolutionary Biology, 30(8), 1592?1608. ",https://doi.org/10.1111/jeb.13131,71
actinopterygii_Beukhof_et_al_2019,"Beukhof, E., Dencker, T. S., Palomares, M. L., & Maureaud, A. (2019). A trait collection of marine fish species from North Atlantic and Northeast Pacific continental shelf seas. See Https://Doi. Pangaea. de/10.1594/PANGAEA, 900866. ",https://backend.orbit.dtu.dk/ws/portalfiles/portal/182701028/SupplementaryInformationTraitCollection.pdf,397
actinopterygii_Brosse_et_al_2021,"Brosse, S., Charpin, N., Su, G., Toussaint, A., Herrera-R, G. A., Tedesco, P. A., & Villéger, S. (2021). FISHMORPH: A global database on morphological traits of freshwater fishes. Global Ecology and Biogeography, 30(12), 2330?2336. ",https://doi.org/10.1111/geb.13395,403
actinopterygii_Drew_and_Amatangelo_2017,"Drew, J. A., & Amatangelo, K. L. (2017). Community assembly of coral reef fishes along the Melanesian biodiversity gradient. PloS One, 12(10), e0186123. ",https://doi.org/10.1371/journal.pone.0186123,211
actinopterygii_Dunic_and_Baum_2017,"Dunic, J. C., & Baum, J. K. (2017). Size structuring and allometric scaling relationships in coral reef fishes. Journal of Animal Ecology, 86(3), 577?589. ",https://doi.org/10.1111/1365-2656.12637,31
actinopterygii_Lecocq_et_al_2019,"Lecocq, T., Benard, A., Pasquet, A., Nahon, S., Ducret, A., Dupont-Marin, K., Lang, I., & Thomas, M. (2019). TOFF, a database of traits of fish to promote advances in fish aquaculture. Scientific Data, 6(1), 301. ",https://doi.org/10.1038/s41597-019-0307-z,138
amphibia_Oliveira_et_al_2017,"Oliveira, B. F., S?o-Pedro, V. A., Santos-Barrera, G., Penone, C., & Costa, G. C. (2017). AmphiBIO, a global database for amphibian ecological traits. Scientific Data, 4(1), 1?7. ",https://doi.org/10.1038/sdata.2017.123,423
animalia_Brose_et_al_2019,"Brose, U., Archambault, P., Barnes, A. D., Bersier, L.-F., Boy, T., Canning-Clode, J., Conti, E., Dias, M., Digel, C., Dissanayake, A., & others. (2019). Predator traits determine food-web architecture across ecosystems. Nature Ecology & Evolution, 3(6), 919?927. ",https://doi.org/10.1038/s41559-019-0899-x,2810
animalia_Forster_et_al_2012,"Forster, J., Hirst, A. G., & Atkinson, D. (2012). Warming-induced reductions in body size are greater in aquatic than terrestrial species. Proceedings of the National Academy of Sciences, 109(47), 19310?19314. ",https://doi.org/10.1073/pnas.1210460109,91
animalia_Herberstein_et_al_2022,"Herberstein, M. E., McLean, D. J., Lowe, E., Wolff, J. O., Khan, M. K., Smith, K., Allen, A. P., Bulbert, M., Buzatto, B. A., Eldridge, M. D., & others. (2022). AnimalTraits-a curated animal trait database for body mass, metabolic rate and brain size. Scientific Data, 9(1), 265. ",https://doi.org/10.1038/s41597-022-01364-9,2494
animalia_Merckx_et_al_2018,"Merckx, T., Souffreau, C., Kaiser, A., Baardsen, L. F., Backeljau, T., Bonte, D., Brans, K. I., Cours, M., Dahirel, M., Debortoli, N., & others. (2018). Body-size shifts in aquatic and terrestrial urban communities. Nature, 558(7708), 113?116. ",https://doi.org/10.1038/s41597-022-01364-9,1212
animalia_Methot_et_al_2012,"Méthot, G., Hudon, C., Gagnon, P., Pinel-Alloul, B., Armellin, A., & Poirier, A.-M. T. (2012). Macroinvertebrate size?mass relationships: How specific should they be? Freshwater Science, 31(3), 750?764.",https://doi.org/10.1899/11-120.1,6
animalia_remaining_species_ubpublished,Animalia remaining top species unpublished. (n.d.).,NA,3384
annelids_Beaudreau_et_al_2021,"Beaudreau, N., Massamba-N?Siala, G., Belzile, C., Calosi, P., & Dufresne, F. (2021). Life-history traits display strong associations to genome size in annelids. Hydrobiologia, 848, 799?810. ",https://doi.org/10.1007/s10750-020-04477-7,11
anthozoa_Madin_et_al_2016,"Madin, J. S., Anderson, K. D., Andreasen, M. H., Bridge, T. C., Cairns, S. D., Connolly, S. R., Darling, E. S., Diaz, M., Falster, D. S., Franklin, E. C., & others. (2016). The Coral Trait Database, a curated database of trait information for coral species from the global oceans. Scientific Data, 3(1), 1?22. ",https://doi.org/10.1038/sdata.2016.17,12
apidae_Austin_et_al_2022,"Austin, M. W., Tripodi, A. D., Strange, J. P., & Dunlap, A. S. (2022). Bumble bees exhibit body size clines across an urban gradient despite low genetic differentiation. Scientific Reports, 12(1), 4166. ",https://doi.org/10.1038/s41598-022-08093-4,17
apidae_Borrell_2007,"Borrell, B. J. (2007). Scaling of nectar foraging in orchid bees. The American Naturalist, 169(5), 569?580.",https://www.journals.uchicago.edu/doi/epdf/10.1086/512689,2
arachnida_Kaston_1972,"Kaston, B. J. & others. (1978). How to know the spiders. William C. Brown Co. ",https://www.cabdirect.org/cabdirect/abstract/19800575297,39
arachnida_Pekar_et_al_2021,"PekĀr, S., Wolff, J. O., ?erneckĀ, L., Birkhofer, K., Mammola, S., Lowe, E. C., Fukushima, C. S., Herberstein, M. E., Ku?era, A., Buzatto, B. A., & others. (2021). The World Spider Trait database: A centralized global open repository for curated data on spider traits. In Database (Vol. 2021). Oxford Academic. https://doi.org/10.1093/database/baab064",https://doi.org/10.1093/database/baab064,595
arachnida_Pekar_et_al_unpublished,"PekĀr, S., Wolff, J. O., ?erneckĀ, L., Birkhofer, K., Mammola, S., Lowe, E. C., Fukushima, C. S., Herberstein, M. E., Ku?era, A., Buzatto, B. A., & others. (2021). The World Spider Trait database: A centralized global open repository for curated data on spider traits. In Database (Vol. 2021). Oxford Academic. https://doi.org/10.1093/database/baab064",https://doi.org/10.1093/database/baab064,690
arachnida_Sensenig_et_al_2010,"Sensenig, A., Agnarsson, I., & Blackledge, T. (2010). Behavioural and biomaterial coevolution in spider orb webs. Journal of Evolutionary Biology, 23(9), 1839?1856. ",https://doi.org/10.1111/j.1420-9101.2010.02048.x,66
arcididae_Laws_and_Joern_2011,"Laws, A. N., & Joern, A. (2011). Grasshopper fecundity responses to grazing and fire in a tallgrass prairie. Environmental Entomology, 40(5), 979?988. ",https://doi.org/10.1603/EN10146,6
arthropoda_Bowler_et_al_2017,"Bowler, D. E., Hof, C., Haase, P., Kröncke, I., Schweiger, O., Adrian, R., Baert, L., Bauer, H.-G., Blick, T., Brooker, R. W., & others. (2017). Cross-realm assessment of climate change impacts on species? abundance trends. Nature Ecology & Evolution, 1(3), 0067. ",https://doi.org/10.1038/s41559-016-0067,97
arthropoda_Hines_et_al_2019,"Hines, J., Giling, D. P., Rzanny, M., Voigt, W., Meyer, S. T., Weisser, W. W., Eisenhauer, N., & Ebeling, A. (2019). A meta food web for invertebrate species collected in a European grassland. Wiley Online Library. ",https://doi.org/10.1002/ecy.2679,691
arthropoda_Rigal_et_al_2017,"Rigal, F., Cardoso, P., Lobo, J. M., Triantis, K. A., Whittaker, R. J., Amorim, I. R., & Borges, P. A. (2018). Functional traits of indigenous and exotic ground-dwelling arthropods show contrasting responses to land-use change in an oceanic island, Terceira, Azores. Diversity and Distributions, 24(1), 36?47. ",https://doi.org/10.1111/ddi.12655,153
aves_Franklin_et_al_2014,"Franklin, D. C., Garnett, S. T., Luck, G. W., Gutierrez-Ibanez, C., & Iwaniuk, A. N. (2014). Relative brain size in Australian birds. Emu-Austral Ornithology, 114(2), 160?170. ",https://doi.org/10.1071/MU13034,921
bibionidae_Hardy_1940,"Hardy, D. E. (1940). Studies in New World Plecia (Bibionidae-Diptera) Part I. Journal of the Kansas Entomological Society, 13(1), 15?27.",https://www.jstor.org/stable/25081585,1
bivalvia_Ibanez_et_al_2021,"IbĀżez, C. M., Carter, M. J., Aguilera, M. A., Pardo-Gandarillas, M. C., & Rezende, E. L. (2021). Body size variation in polyplacophoran molluscs: Geographical clines and community structure along the south-eastern Pacific. Global Ecology and Biogeography, 30(9), 1781?1795. ",https://doi.org/10.1111/geb.13341,1
blattodea_Mizumoto_and_Bourguignon_2021,"Mizumoto, N., & Bourguignon, T. (2021). The evolution of body size in termites. Proceedings of the Royal Society B, 288(1963), 20211458. ",https://doi.org/10.1098/rspb.2021.1458,1
blenniidae_Egan_et_al_2021,"Egan, J. P., Buser, T. J., Burns, M. D., Simons, A. M., & Hundt, P. J. (2021). Patterns of body shape diversity and evolution in intertidal and subtidal lineages of combtooth blennies (Blenniidae). Integrative Organismal Biology, 3(1), obab004. ",https://doi.org/10.1093/iob/obab004,20
braconidae_manual_addition_unpublished,"Crockett, C. D., Lucky, A., Liburd, O. E., Entomology, Department, N., Florida, U. of, Kester, K. M., & University, V. C. (2014). Common name: A parasitoid wasp scientific name: Cotesia congregata (Say) (Insecta: Hymenoptera: Braconidae). University of Florida. ",https://entnemdept.ufl.edu/creatures/misc/wasps/cotesia_congregata.htm,1
branchiopoda_Rizo_et_al_2019,"Rizo, E. Z., Xu, S., Tang, Q., Papa, R. D. S., Dumont, H. J., Qian, S. S., & Han, B.-P. (2019). A global analysis of cladoceran body size and its variation linking to habitat, distribution and taxonomy. Zoological Journal of the Linnean Society, 187(4), 1119?1130. ",https://doi.org/10.1093/zoolinnean/zlz053,7
buprestidae_Nalepa_et_al_2018,"Nalepa, C. A., Swink, W. G., & Basham, J. P. (2018). The relationship of body length to fresh weight varies across three buprestid genera (Coleoptera: Buprestidae). The Coleopterists Bulletin, 72(2), 380?381. ",https://doi.org/10.1649/0010-065X-72.2.380,1
carabidae_Magura_et_al_2020,"Magura, T., Ferrante, M., & Lövei, G. L. (2020). Only habitat specialists become smaller with advancing urbanization. Global Ecology and Biogeography, 29(11), 1978?1987. ",https://doi.org/10.1111/geb.13168,174
carabidae_Schweiger_and_Beierkuhnlein_2015,"Schweiger, A. H., & Beierkuhnlein, C. (2016). Size dependency in colour patterns of Western Palearctic carabids. Ecography, 39(9), 846?857. ",https://doi.org/10.1111/ecog.01570,325
carabidae_Stachewicz_et_al_2021,"Stachewicz, J. D., Fountain-Jones, N. M., Koontz, A., Woolf, H., Pearse, W. D., & Gallinat, A. S. (2021). Strong trait correlation and phylogenetic signal in North American ground beetle (Carabidae) morphology. Wiley Online Library, 12(11), e03832. ",https://doi.org/10.1002/ecs2.3832,98
cephalopoda_Neige_2021,"Neige, P. (2021). The geography of body size in cuttlefishes (Cephalopoda, Sepiidae). Swiss Journal of Palaeontology, 140(1), 1?16. ",https://doi.org/10.1186/s13358-021-00231-1,6
cephalopoda_Wood_and_ODor_2000,"Wood, J., & O?dor, R. (2000). Do larger cephalopods live longer? Effects of temperature and phylogeny on interspecific comparisons of age and size at maturity. Marine Biology, 136, 91?99. ",https://doi.org/10.1007/s002270050012,8
cerambycidae_Holland_et_al_2005,"Holland, J. D., Fahrig, L., & Cappuccino, N. (2005). Body size affects the spatial scale of habitat?beetle interactions. Oikos, 110(1), 101?108. ",https://doi.org/10.1111/j.0030-1299.2005.13638.x,8
cerambycidae_Jeppsson_and_Forslund_2014,"Jeppsson, T., & Forslund, P. (2014). Species? traits explain differences in R ed list status and long-term population trends in longhorn beetles. Animal Conservation, 17(4), 332?341. ",https://doi.org/10.1111/acv.12099,144
chaetodontidae_Hodge_et_al_2018,"Hodge, J. R., Alim, C., Bertrand, N. G., Lee, W., Price, S. A., Tran, B., & Wainwright, P. C. (2018). Ecology shapes the evolutionary trade-off between predator avoidance and defence in coral reef butterflyfishes. Ecology Letters, 21(7), 1033?1042. ",https://doi.org/10.1111/ele.12969,45
chilopoda_Maldonado_1998,"Maldonado, J. V. (1998). The taxonomy and biology of southwestern United States scolopendrid centipedes (Chilopoda: Scolopendridae). The University of Texas at El Paso. ",https://www.proquest.com/docview/304469354/fulltextPDF/7DC75402E2F406BPQ/1?accountid=10920,5
chironomidae_Rempel_and_Harrison_1986,"Rempel, R., & Harrison, A. (1987). Structural and functional composition of the community of Chironomidae (Diptera) in a Canadian Shield stream. Canadian Journal of Zoology, 65(10), 2545?2554. ",https://doi.org/10.1139/z87-384,1
chironomidae_Rossaro_et_al_2007,"Rossaro, B., Solimini, A., Lencioni, V., Marziali, L., Giacchini, R., Parenti, P., & others. (2007). The relationship between body size, pupal thoracic horn development and dissolved oxygen in Chironomini (Diptera: Chironomidae). Fundamental and Applied Limnology, 169(4), 331. ",https://www.doi.org/10.1127/1863-9135/2007/0169-0331,13
chironomidae_Wonglersak_et_al_2021,"Wonglersak, R., Fenberg, P. B., Langdon, P. G., Brooks, S. J., & Price, B. W. (2021). Insect body size changes under future warming projections: A case study of Chironomidae (Insecta: Diptera). Hydrobiologia, 848(11), 2785?2796. ",https://doi.org/10.1007/s10750-021-04597-8,1
chordata_Atwood_et_al_2020,"Atwood, T. B., Valentine, S. A., Hammill, E., McCauley, D. J., Madin, E. M., Beard, K. H., & Pearse, W. D. (2020). Herbivores at the highest risk of extinction among mammals, birds, and reptiles. Science Advances, 6(32), eabb8458. ",https://www.science.org/doi/10.1126/sciadv.abb8458,10285
chordata_Myhrvold_et_al_2015,"Myhrvold, N. P., Baldridge, E., Chan, B., Sivam, D., Freeman, D. L., & Ernest, S. M. (2015). An amniote life-history database to perform comparative analyses with birds, mammals, and reptiles: Ecological Archives E096-269. Ecology, 96(11), 3109?3109. ",https://doi.org/10.1890/15-0846R.1,10733
cicadellidae_Burrows_2007,"Burrows, M. (2007). Kinematics of jumping in leafhopper insects (Hemiptera, Auchenorrhyncha, Cicadellidae). Journal of Experimental Biology, 210(20), 3579?3589. ",https://doi.org/10.1242/jeb.009092,12
coccinellidae_Gregory_et_al_2003,"Ryan Gregory, T., Nedv?d, O., & Adamowicz, S. J. (2003). C-value estimates for 31 species of ladybird beetles (Coleoptera: Coccinellidae). Hereditas, 139(2), 121?127. ",https://doi.org/10.1111/j.1601-5223.2003.01766.x,71
coccinellidae_Liere_et_al_2019,"Liere, H., Egerer, M. H., & Philpott, S. M. (2019). Environmental and spatial filtering of ladybird beetle community composition and functional traits in urban landscapes. Journal of Urban Ecology, 5(1), juz014. ",https://doi.org/10.1093/jue/juz014,60
coccinellidae_Maqbool_et_al_2020,"Maqbool, A., Rather, S. U., Akbar, S. A., & Wachkoo, A. A. (2020). Preliminary Survey of Ladybird Beetle Composition (Coleoptera: Coccinellidae) in Unmanaged Apple Orchard Ecosystems of Kashmir Himalayas. Proceedings of the Zoological Society, 73, 160?174. ",https://doi.org/10.1007/s12595-020-00322-w,17
coleoptera_Benisch_unpublished,"Benisch, C. (n.d.). Body size data on coleoptera unpublished.",NA,1833
coleoptera_Gillespie_et_al_2017,"Gillespie, M. A., Birkemoe, T., & Sverdrup-Thygeson, A. (2017). Interactions between body size, abundance, seasonality, and phenology in forest beetles. Ecology and Evolution, 7(4), 1091?1100. ",https://doi.org/10.1002/ece3.2732,624
coleoptera_Hagge_et_al_2021,"Hagge, J., Müller, J., Birkemoe, T., Buse, J., Gossner, M. M., Gruppe, A., Heibl, C., Jarzabek-Müller, A., Seibold, S., Siitonen, J., & others. (2021). What does a threatened saproxylic beetle look like? Modelling extinction risk using a new morphological trait database. The Journal of Animal Ecology, 90(8), 1934?1947. ",https://doi.org/10.3929/ethz-b-000494867,516
coleoptera_Lease_et_al_2012,"Lease, H. M., Klok, C. J., Kaiser, A., & Harrison, J. F. (2012). Body size is not critical for critical P O2 in scarabaeid and tenebrionid beetles. Journal of Experimental Biology, 215(14), 2524?2533. ",https://doi.org/10.1242/jeb.057141,7
coleoptera_Mico_et_al_2020,"Micó, E., Ramilo, P., Thorn, S., Müller, J., Galante, E., & Carmona, C. P. (2020). Contrasting functional structure of saproxylic beetle assemblages associated to different microhabitats. Scientific Reports, 10(1), 1?11. ",https://doi.org/10.1038/s41598-020-58408-6,70
coleoptera_Seibold_et_al_2014,"Seibold, S., Brandl, R., Buse, J., Hothorn, T., Schmidl, J., Thorn, S., & Müller, J. (2015). Association of extinction risk of saproxylic beetles with ecological degradation of forests in Europe. Conservation Biology, 29(2), 382?390. ",https://doi.org/10.1111/cobi.12427,416
coleoptera_Tseng_and_Pari_2019,"Tseng, M., & Pari, S. S. (2019). Body size explains interspecific variation in size?latitude relationships in geographically widespread beetle species. ",https://www.doi.org/10.1111/een.12684,17
collembola_Ulrich_and_Fiera_2010,"Ulrich, W., & Fiera, C. (2010). Environmental correlates of body size distributions of European springtails (Hexapoda: Collembola). Global Ecology and Biogeography, 19(6), 905?915. ",https://doi.org/10.1111/j.1466-8238.2010.00565.x,46
coreidae_Emberts_et_al_2020,"Emberts, Z., Miller, C. W., Skojec, C., Shepherd, R., & St. Mary, C. M. (2020). Leaf-footed bugs possess multiple hidden contrasting color signals, but only one is associated with increased body size. Ecology and Evolution, 10(16), 8571?8578. ",https://doi.org/10.1002/ece3.6468,18
culicidae_Nasci_1990,"Nasci, R. S. (1990). Relationship of wing length to adult dry weight in several mosquito species (Diptera: Culicidae). Journal of Medical Entomology, 27(4), 716?719. ",https://doi.org/10.1093/jmedent/27.4.716,7
diplopoda_manual_addition_unpublished,"Hennan, D. (n.d.). Unpublished data on chilopoda and diplopoda.",NA,31
diptera_Belyaev_and_Farisenkov_2019,"Belyaev, O., & Farisenkov, S. (2019). A Study on Allometry of Wing Shape and Venation in Insects. Part 2. Diptera. Moscow University Biological Sciences Bulletin, 74, 7?14. ",https://doi.org/10.3103/S0096392519010024,137
dytiscidae_Pallares_et_al_2019,"Pallarés, S., Lai, M., AbellĀn, P., Ribera, I., & SĀnchez-FernĀndez, D. (2019). An interspecific test of Bergmann?s rule reveals inconsistent body size patterns across several lineages of water beetles (Coleoptera: Dytiscidae). Ecological Entomology, 44(2), 249?254. ",https://doi.org/10.1111/een.12701,18
dytiscidae_Vamosi_and_Vamosi_2007,"Vamosi, J. C., & Vamosi, S. M. (2007). Body size, rarity, and phylogenetic community structure: Insights from diving beetle assemblages of Alberta. Diversity and Distributions, 13(1), 1?10. ",https://doi.org/10.1111/j.1472-4642.2006.00299.x,6
echinodermata_Montgomery_and_Palmer_2012,"Montgomery, E. M., & Palmer, A. R. (2012). Effects of body size and shape on locomotion in the bat star (Patiria miniata). The Biological Bulletin, 222(3), 222?232. ",https://doi.org/10.1086/BBLv222n3p222,16
elasmobranchii_Nielsen_et_al_2020,"Nielsen, R. O., da Silva, R., Juergens, J., Staerk, J., S?rensen, L. L., Jackson, J., Smeele, S. Q., & Conde, D. A. (2020). Standardized data to support conservation prioritization for sharks and batoids (Elasmobranchii). Data in Brief, 33, 106337. ",https://doi.org/10.1016/j.dib.2020.106337,72
erebidae_Kang_et_al_2017,"Kang, C., Zahiri, R., & Sherratt, T. N. (2017). Body size affects the evolution of hidden colour signals in moths. Proceedings of the Royal Society B: Biological Sciences, 284(1861), 20171287. ",https://doi.org/10.1098/rspb.2017.1287,129
eumenidae_Gathmann_et_al_1994,"Gathmann, A., Greiler, H.-J., & Tscharntke, T. (1994). Trap-nesting bees and wasps colonizing set-aside fields: Succession and body size, management by cutting and sowing. Oecologia, 98, 8?14. ",https://doi.org/10.1007/BF00326084,21
eumenidae_Miller_and_Sheehan_2021,"Miller, S. E., & Sheehan, M. J. (2021). Ecogeographical patterns of body size differ among North American paper wasp species. Insectes Sociaux, 68, 109?122. ",https://doi.org/10.1007/s00040-020-00796-z,31
formicidae_Brassard_et_al_2020,"Brassard, F., Francoeur, A., & Lessard, J.-P. (2020). Temperature drives caste-specific morphological clines in ants. Journal of Animal Ecology, 89(11), 2517?2530. ",https://doi.org/10.1111/1365-2656.13330,5
formicidae_Cushman_et_al_1993,"Cushman, J. H., Lawton, J. H., & Manly, B. F. (1993). Latitudinal patterns in European ant assemblages: Variation in species richness and body size. Oecologia, 95, 30?37. ",https://doi.org/10.1007/BF00649503,40
formicidae_Geraghty_et_al_2007,"Geraghty, M. J., Dunn, R., & Sanders, N. J. (2007). Body size, colony size, and range size in ants (Hymenoptera: Formicidae): Are patterns along elevational and latitudinal gradients consistent with Bergmann?s rule. Myrmecological News, 10(September), 51?58.",https://www.researchgate.net/profile/Robert-Dunn-12/publication/252381989_Body_size_colony_size_and_range_size_in_ants_Hymenoptera_Formicidae_are_pat-_terns_along_elevational_and_latitudinal_gradients_consistent_with_Bergmann's_Rule/links/55db584208aed6a199ac5dc7/Body-size-colony-size-and-range-size-in-ants-Hymenoptera-Formicidae-are-pat-terns-along-elevational-and-latitudinal-gradients-consistent-with-Bergmanns-Rule.pdf,13
formicidae_Greve_et_al_2019,"Grevé, M. E., BlĀha, S., Teuber, J., Rothmaier, M., & Feldhaar, H. (2019). The effect of ground surface rugosity on ant running speed is species-specific rather than size dependent. Insectes Sociaux, 66, 355?364. ",https://doi.org/10.1007/s00040-019-00694-z,10
formicidae_Oberg_et_al_2012,"Oberg, E., Del Toro, I., & Pelini, S. (2012). Characterization of the thermal tolerances of forest ants of New England. Insectes Sociaux, 59, 167?174. ",https://doi.org/10.1007/s00040-011-0201-y,9
formicidae_Parr_et_al_2017,"Parr, C. L., Dunn, R. R., Sanders, N. J., Weiser, M. D., Photakis, M., Bishop, T. R., Fitzpatrick, M. C., Arnan, X., Baccaro, F., Brand?o, C. R., & others. (2017). GlobalAnts: A new database on the geography of ant traits (Hymenoptera: Formicidae). Insect Conservation and Diversity, 10(1), 5?20. ",https://doi.org/10.1111/icad.12211,58
formicidae_Spicer_et_al_2017,"Spicer, M. E., Stark, A. Y., Adams, B. J., Kneale, R., Kaspari, M., & Yanoviak, S. P. (2017). Thermal constraints on foraging of tropical canopy ants. Oecologia, 183, 1007?1017. ",https://doi.org/10.1007/s00442-017-3825-4,5
formicidae_Warburg_et_al_2017,"Warburg, I., Whitford, W. G., & Steinberger, Y. (2017). Colony size and foraging strategies in desert seed harvester ants. Journal of Arid Environments, 145, 18?23. ",https://doi.org/10.1016/j.jaridenv.2017.04.016,7
fulgoridae_Burrows_et_al_2021,"Burrows, M., Ghosh, A., Sutton, G., Yeshwanth, H., Rogers, S., & Sane, S. (2021). Jumping in lantern bugs (Hemiptera, Fulgoridae). Journal of Experimental Biology, 224(23), jeb243361. ",https://doi.org/10.1242/jeb.243361,1
gastropoda_Hausdorf_2003,"Hausdorf, B. (2003). Latitudinal and altitudinal body size variation among north-west European land snail species. Global Ecology and Biogeography, 12(5), 389?394. ",https://doi.org/10.1046/j.1466-822X.2003.00050.x,150
gastropoda_Hausdorf_2006,"Hausdorf, B. (2006). Is the interspecific variation of body size of land snails correlated with rainfall in Israel and Palestine? Acta Oecologica, 30(3), 374?379.",https://doi.org/10.1016/j.actao.2006.06.009,17
gastropoda_Neubauer_et_al_2016,"Neubauer, T. A., Georgopoulou, E., Harzhauser, M., Mandic, O., & Kroh, A. (2016). Predictors of shell size in long-lived lake gastropods. Journal of Biogeography, 43(10), 2062?2074. ",https://doi.org/10.1111/jbi.12777,53
geometridae_Seifert_et_al_2022,"Seifert, C. L., Strutzenberger, P., Hausmann, A., & Fiedler, K. (2022). Dietary specialization mirrors Rapoport?s rule in European geometrid moths. Global Ecology and Biogeography, 31(6), 1161?1171. ",https://doi.org/10.1111/geb.13493,617
hemiptera_Crumiere_et_al_2016,"Crumiere, A. J., Santos, M. E., Sémon, M., Armisén, D., Moreira, F. F., & Khila, A. (2016). Diversity in morphology and locomotory behavior is associated with niche expansion in the semi-aquatic bugs. Current Biology, 26(24), 3336?3342. ",https://doi.org/10.1016/j.cub.2016.09.061,8
holocephali_manual_addition_unpublished,FishBase. (n.d.). Global Fish Database. ,https://www.fishbase.se/search.php,7
holothuroidea_manual_addition_unpublished,"Purcell, S. W., Yves, S., & Conand, C. (n.d.). Commercially important sea cucumbers of the world. ",https://www.fao.org/3/i1918e/i1918e.pdf,3
hymenoptera_Belyaev_and_Farisenkov_2018,"Belyaev, O., & Farisenkov, S. (2018). A study on allometry of wing shape and venation in insects. Part 1. Hymenoptera. Moscow University Biological Sciences Bulletin, 73, 229?235. ",https://doi.org/10.3103/S0096392518040028,53
hymenoptera_Bishop_and_Armbruster_1999,"Bishop, J., & Armbruster, W. (1999). Thermoregulatory abilities of Alaskan bees: Effects of size, phylogeny and ecology. Functional Ecology, 13(5), 711?724. ",https://doi.org/10.1046/j.1365-2435.1999.00351.x,1
hymenoptera_Borges_et_al_2020,"Borges, R. C., Padovani, K., Imperatriz-Fonseca, V. L., & Giannini, T. C. (2020). A dataset of multi-functional ecological traits of Brazilian bees. Scientific Data, 7(1), 120. ",https://doi.org/10.1038/s41597-020-0461-3,31
hymenoptera_Bullock_1999,"Bullock, S. H. (1999). Relationships among body size, wing size and mass in bees from a tropical dry forest in Mexico. Journal of the Kansas Entomological Society, 426?439.",https://www.jstor.org/stable/25085929,41
hymenoptera_Cariveau_et_al_2016,"Cariveau, D. P., Nayak, G. K., Bartomeus, I., Zientek, J., Ascher, J. S., Gibbs, J., & Winfree, R. (2016). The allometry of bee proboscis length and its uses in ecology. PloS One, 11(3), e0151482. ",https://doi.org/10.1371/journal.pone.0151482,175
hymenoptera_Castillo_et_al_2015,"Cueva del Castillo, R., Sanabria-UrbĀn, S., & Serrano-Meneses, M. A. (2015). Trade-offs in the evolution of bumblebee colony and body size: A comparative analysis. Ecology and Evolution, 5(18), 3914?3926. ",https://doi.org/10.1002/ece3.1659,18
hymenoptera_Chole_et_al_2019,"Chole, H., Woodard, S. H., & Bloch, G. (2019). Body size variation in bees: Regulation, mechanisms, and relationship to social organization. Current Opinion in Insect Science, 35, 77?87. ",https://doi.org/10.1016/j.cois.2019.07.006,100
hymenoptera_Danforth_1989,"Danforth, B. N. (1989). The evolution of hymenopteran wings: The importance of size. Journal of Zoology, 218(2), 247?276. ",https://doi.org/10.1111/j.1469-7998.1989.tb02536.x,31
hymenoptera_DeLuca_et_al_2019,"De Luca, P. A., Buchmann, S., Galen, C., Mason, A. C., & Vallejo-MarĪn, M. (2019). Does body size predict the buzz-pollination frequencies used by bees? Ecology and Evolution, 9(8), 4875?4887. ",https://doi.org/10.1002/ece3.5092,24
hymenoptera_Forrest_et_al_2015,"Forrest, J. R., Thorp, R. W., Kremen, C., & Williams, N. M. (2015). Contrasting patterns in species and functional-trait diversity of bees in an agricultural landscape. Journal of Applied Ecology, 52(3), 706?715. ",https://doi.org/10.1111/1365-2664.12433,41
hymenoptera_Garcia_and_Sarmiento_2012,"GarcĪa, Z., & Sarmiento, C. E. (2012). Relationship between body size and flying-related structures in Neotropical social wasps (Polistinae, Vespidae, Hymenoptera). Zoomorphology, 131, 25?35. ",https://doi.org/10.1007/s00435-011-0142-z,3
hymenoptera_Gerard_et_al_2018,"Gérard, M., Vanderplanck, M., Franzen, M., Kuhlmann, M., Potts, S. G., Rasmont, P., Schweiger, O., & Michez, D. (2018). Patterns of size variation in bees at a continental scale: Does Bergmann?s rule apply? Oikos, 127(8), 1095?1103. ",https://doi.org/10.1111/oik.05260,255
hymenoptera_Godfrey_et_al_2021,"Godfrey, R. K., Swartzlander, M., & Gronenberg, W. (2021). Allometric analysis of brain cell number in Hymenoptera suggests ant brains diverge from general trends. Proceedings of the Royal Society B, 288(1947), 20210199. ",https://doi.org/10.1098/rspb.2021.0199,47
hymenoptera_Greenleaf_et_al_2007,"Greenleaf, S. S., Williams, N. M., Winfree, R., & Kremen, C. (2007). Bee foraging ranges and their relationship to body size. Oecologia, 153, 589?596. ",https://doi.org/10.1007/s00442-007-0752-9,58
hymenoptera_Jauker_et_al_2013,"Jauker, B., Krauss, J., Jauker, F., & Steffan-Dewenter, I. (2013). Linking life history traits to pollinator loss in fragmented calcareous grasslands. Landscape Ecology, 28, 107?120. ",https://doi.org/10.1007/s10980-012-9820-6,223
hymenoptera_Penney_et_al_2012,"Penney, H. D., Hassall, C., Skevington, J. H., Abbott, K. R., & Sherratt, T. N. (2012). A comparative analysis of the evolution of imperfect mimicry. Nature, 483(7390), 461?464. ",https://doi.org/10.1038/nature10961,157
hymenoptera_Sayol_et_al_2020,"Sayol, F., Collado, M. ?., Garcia-Porta, J., Seid, M. A., Gibbs, J., Agorreta, A., San Mauro, D., Raemakers, I., Sol, D., & Bartomeus, I. (2020). Feeding specialization and longer generation time are associated with relatively larger brains in bees. Proceedings of the Royal Society B, 287(1935), 20200762. ",https://doi.org/10.1098/rspb.2020.0762,191
insecta_Blanckenhorn_et_al_2007,"Blanckenhorn, W. U., Meier, R., & Teder, T. (2007). Rensch?s rule in insects: Patterns among and within species. In D. J. Fairbairn, W. U. Blanckenhorn, & T. Székely (Eds.), Sex, Size and Gender Roles (1st ed., pp. 60?70). Oxford University PressOxford. ",https://academic.oup.com/book/12169/chapter/161597040,89
insecta_Burrows_2011,"Burrows, M. (2011). Jumping mechanisms and performance of snow fleas (Mecoptera, Boreidae). Journal of Experimental Biology, 214(14), 2362?2374. ",https://doi.org/10.1242/jeb.056689,11
insecta_Evans_et_al_2020,"Evans, M. J., Wallman, J. F., & Barton, P. S. (2020). Traits reveal ecological strategies driving carrion insect community assembly. Ecological Entomology, 45(5), 966?977. ",https://doi.org/10.1111/een.12869,9
insecta_Fagan_et_al_2002,"Fagan, W. F., Siemann, E., Mitter, C., Denno, R. F., Huberty, A. F., Woods, H. A., & Elser, J. J. (2002). Nitrogen in insects: Implications for trophic complexity and species diversification. The American Naturalist, 160(6), 784?802. ",https://doi.org/10.1086/343879,102
insecta_Gilbert_and_Manica_2010,"Gilbert, J. D., & Manica, A. (2010). Parental care trade-offs and life-history relationships in insects. The American Naturalist, 176(2), 212?226. ",https://doi.org/10.1086/653661,291
insecta_Gossner_and_Muller_2011,"Gossner, M. M., & Müller, J. (2011). The influence of species traits and q-metrics on scale-specific ?-diversity components of arthropod communities of temperate forests. Landscape Ecology, 26, 411?424. ",https://doi.org/10.1007/s10980-010-9568-9,461
insecta_Gossner_et_al_2015,"Gossner, M. M., Simons, N. K., Achtziger, R., Blick, T., Dorow, W. H., Dziock, F., Köhler, F., Rabitsch, W., & Weisser, W. W. (2015). A summary of eight traits of Coleoptera, Hemiptera, Orthoptera and Araneae, occurring in grasslands in Germany. Scientific Data, 2(1), 1?9. ",https://doi.org/10.1038/sdata.2015.13,1225
insecta_Grass_et_al_2014,"Grass, I., Berens, D. G., & Farwig, N. (2014). Natural habitat loss and exotic plants reduce the functional diversity of flower visitors in a heterogeneous subtropical landscape. Functional Ecology, 28(5), 1117?1126. ",https://doi.org/10.1111/1365-2435.12285,50
insecta_Horne_et_al_2015,"Horne, C. R., Hirst, A. G., & Atkinson, D. (2015). Temperature-size responses match latitudinal-size clines in arthropods, revealing critical differences between aquatic and terrestrial species. Ecology Letters, 18(4), 327?335. ",https://doi.org/10.1111/ele.12413,87
insecta_Horne_et_al_2018,"Horne, C. R., Hirst, A. G., & Atkinson, D. (2018). Insect temperature?body size trends common to laboratory, latitudinal and seasonal gradients are not found across altitudes. Functional Ecology, 32(4), 948?957. ",https://doi.org/10.1111/1365-2435.13031,108
insecta_Johnston_and_Cunjak_1999,"Johnston, T. A., & Cunjak, R. A. (1999). Dry mass?length relationships for benthic insects: A review with new data from Catamaran Brook, New Brunswick, Canada. Freshwater Biology, 41(4), 653?674. ",https://doi.org/10.1046/j.1365-2427.1999.00400.x,43
insecta_Kandori_2002,"Kandori, I. (2002). Diverse visitors with various pollinator importance and temporal change in the important pollinators of Geranium thunbergii (Geraniaceae). Ecological Research, 17, 283?294. ",https://doi.org/10.1046/j.1440-1703.2002.00488.x,43
insecta_Kendall_et_al_2019,"Kendall, L. K., Rader, R., Gagic, V., Cariveau, D. P., Albrecht, M., Baldock, K. C., Freitas, B. M., Hall, M., Holzschuh, A., Molina, F. P., & others. (2019). Pollinator size and its consequences: Robust estimates of body size in pollinating insects. Ecology and Evolution, 9(4), 1702?1714. ",https://doi.org/10.1002/ece3.4835,480
insecta_Keppeler_et_al_2021,"Keppeler, F. W., Olin, J. A., López-Duarte, P. C., Polito, M. J., Hooper-BŚi, L. M., Taylor, S. S., Rabalais, N. N., Fodrie, F. J., Roberts, B. J., Turner, R. E., & others. (2021). Body size, trophic position, and the coupling of different energy pathways across a saltmarsh landscape. Limnology and Oceanography Letters, 6(6), 360?368. ",https://doi.org/10.1002/lol2.10212,41
insecta_Kuhsel_and_Bluthgen_2015,"Kühsel, S., & Blüthgen, N. (2015). High diversity stabilizes the thermal resilience of pollinator communities in intensively managed grasslands. Nature Communications, 6(1), 7989. ",https://doi.org/10.1038/ncomms8989,718
insecta_Loeffler-Henry_et_al_2019,"Loeffler-Henry, K., Kang, C., & Sherratt, T. N. (2019). Consistent associations between body size and hidden contrasting color signals across a range of insect taxa. The American Naturalist, 194(1), 28?37. ",https://doi.org/10.1086/703535,179
insecta_Lopez-Uribe_et_al_2016,"López-Uribe, M. M., Sconiers, W. B., Frank, S. D., Dunn, R. R., & Tarpy, D. R. (2016). Reduced cellular immune response in social insect lineages. Biology Letters, 12(3), 20150984. ",https://doi.org/10.1098/rsbl.2015.0984,52
insecta_Malmqvist_2000,"Malmqvist, B. (2000). How does wing length relate to distribution patterns of stoneflies (Plecoptera) and mayflies (Ephemeroptera)? Biological Conservation, 93(2), 271?276. ",https://doi.org/10.1016/S0006-3207(99)00139-1,58
insecta_Melliger_et_al_2017,"Melliger, R. L., Rusterholz, H.-P., & Baur, B. (2017). Habitat- and matrix-related differences in species diversity and trait richness of vascular plants, Orthoptera and Lepidoptera in an urban landscape. Urban Ecosystems, 20(5), 1095?1107. ",https://doi.org/10.1007/s11252-017-0662-5,283
insecta_Miyasaka_et_al_2008,"Miyasaka, H., Genkai-Kato, M., Miyake, Y., Kishi, D., Katano, I., Doi, H., Ohba, S., & Kuhara, N. (2008). Relationships between length and weight of freshwater macroinvertebrates in Japan. Limnology, 9(1), 75?80. ",https://doi.org/10.1007/s10201-008-0238-4,1
insecta_Phillips_et_al_2018,"Phillips, B. B., Williams, A., Osborne, J. L., & Shaw, R. F. (2018). Shared traits make flies and bees effective pollinators of oilseed rape (Brassica napus L.). Basic and Applied Ecology, 32, 66?76. ",https://doi.org/10.1016/j.baae.2018.06.004,94
insecta_Pincebourde_et_al_2021,"Pincebourde, S., Dillon, M. E., & Woods, H. A. (2021). Body size determines the thermal coupling between insects and plant surfaces. Functional Ecology, 35(7), 1424?1436. ",https://doi.org/10.1111/1365-2435.13801,8
insecta_Roquer-Beni_et_al_2020,"Roquer-Beni, L., Rodrigo, A., Arnan, X., Klein, A.-M., Fornoff, F., Boreux, V., & Bosch, J. (2020). A novel method to measure hairiness in bees and other insect pollinators. Ecology and Evolution, 10(6), 2979?2990. ",https://doi.org/10.1002/ece3.6112,285
insecta_Taylor_et_al_2016,"Taylor, C. H., Reader, T., & Gilbert, F. (2016). Why many Batesian mimics are inaccurate: Evidence from hoverfly colour patterns. Proceedings of the Royal Society B: Biological Sciences, 283(1842), 20161585. ",https://doi.org/10.1098/rspb.2016.1585,198
insecta_Towers_et_al_1994,"Towers, D. J., Henderson, I. M., & Veltman, C. J. (1994). Predicting dry weight of New Zealand aquatic macroinvertebrates from linear dimensions. New Zealand Journal of Marine and Freshwater Research, 28(2), 159?166. ",https://doi.org/10.1080/00288330.1994.9516604,4
insecta_Ulrich_unpublished,"Ulrich, W., & Szpila, K. (2008). Body size distributions of eastern European Diptera. Pol. J. Ecol, 56(4), 557?568.",https://www.researchgate.net/publication/290545151_The_Hymenoptera_of_a_dry_meadow_on_limestone_Species_composition_abundance_and_biomass,3092
insecta_Ulrich_unpublished,"Ulrich, W. (2007). Body weight distributions of central European Coleoptera. European Journal of Entomology, 104(4), 769.",https://www.eje.cz/pdfs/eje/2007/04/19.pdf,3092
insecta_Ulrich_unpublished,"Ulrich, W. (2006). Body weight distributions of European Hymenoptera. Oikos, 114(3), 518?528. https://doi.org/10.1111/j.2006.0030-1299.14839.x",https://doi.org/10.1111/j.2006.0030-1299.14839.x,3092
insecta_Ulrich_unpublished,"Ulrich, W. (2005). The hymenoptera of a meadow on limestone: Ecological patterns of a local animal community. Forschungsbericht Zentrum Für Waldschadensforschung, 195, 1?203.",https://www.researchgate.net/publication/290545151_The_Hymenoptera_of_a_dry_meadow_on_limestone_Species_composition_abundance_and_biomass,3092
insecta_Woodcock_et_al_2019,"Woodcock, B. A., Garratt, M., Powney, G., Shaw, R., Osborne, J., Soroka, J., Lindström, S., Stanley, D., Ouvrard, P., Edwards, M., & others. (2019). Meta-analysis reveals that pollinator functional diversity and abundance enhance crop pollination and yield. Nature Communications, 10(1), 1481. ",https://doi.org/10.1038/s41467-019-09393-6,105
insecta_Zeuss_et_al_2017,"Zeuss, D., Brunzel, S., & Brandl, R. (2017). Environmental drivers of voltinism and body size in insect assemblages across Europe. Global Ecology and Biogeography, 26(2), 154?165. ",https://doi.org/10.1111/geb.12525,1233
insecta_van_Klink_et_al_2019,"Van Klink, R., Menz, M. H., Baur, H., Dosch, O., Kühne, I., Lischer, L., Luka, H., Meyer, S., Szikora, T., Unternährer, D., & others. (2019). Larval and phenological traits predict insect community response to mowing regime manipulations. Ecological Applications, 29(4), e01900. ",https://doi.org/10.1002/eap.1900,620
labridae_Arnal_et_al_2006,"Arnal, C., Verneau, O., & Desdevises, Y. (2006). Phylogenetic relationships and evolution of cleaning behaviour in the family Labridae: Importance of body colour pattern. Journal of Evolutionary Biology, 19(3), 755?763. ",https://doi.org/10.1111/j.1420-9101.2005.01059.x,36
lampyridae_Lower_et_al_2017,"Lower, S. S., Johnston, J. S., Stanger-Hall, K. F., Hjelmen, C. E., Hanrahan, S. J., Korunes, K., & Hall, D. (2017). Genome size in North American fireflies: Substantial variation likely driven by neutral processes. Genome Biology and Evolution, 9(6), 1499?1512.",https://doi.org/10.1093/gbe/evx097,6
lepidoptera_Aiello_et_al_2021b,"Aiello, B. R., Tan, M., Bin Sikandar, U., Alvey, A. J., Bhinderwala, B., Kimball, K. C., Barber, J. R., Hamilton, C. A., Kawahara, A. Y., & Sponberg, S. (2021). Adaptive shifts underlie the divergence in wing morphology in bombycoid moths. Proceedings of the Royal Society B, 288(1956), 20210677. ",https://doi.org/10.1098/rspb.2021.0677,68
lepidoptera_Choi_et_al_unpublished,"Shin, Y. H. (2001). Coloured illustrations of the moths of Korea. Academybook Publishing. ",https://www.pemberleybooks.com/product/illustrated-catalogue-of-moths-in-korea-1.-sphingidae-bombicoidea-notodontidae.-insects-of-korea-4/2738/,451
lepidoptera_Choi_et_al_unpublished,"An, J., Choi, S., Kim, T., & Yang, B. (2012). Moth diversity and distribution of Mt Jirisan national long-term ecological research site google. National Institute of Environmental Research, Incheon. ",https://www.semanticscholar.org/paper/%EB%82%98%EB%B0%A9-%EB%8B%A4%EC%96%91%EC%84%B1%EA%B3%BC-%EB%B6%84%ED%8F%AC-%3A-%EC%A7%80%EB%A6%AC%EC%82%B0-%EA%B5%AD%EA%B0%80%EC%9E%A5%EA%B8%B0%EC%83%9D%ED%83%9C%EC%97%B0%EA%B5%AC-%EC%A1%B0%EC%82%AC%EC%A7%80%EC%9D%98-%3D-Moth-diversity-and-%EC%95%88-%EC%B5%9C/cebaae5b75b8e475b329a8dbcc5625b9342b4dbc,451
lepidoptera_Choi_et_al_unpublished,"An, J. S., Choi, S. W., Lee, S., & Jung, S. H. (2016). Moth diversity and distribution on Mt. Hallasan National Park. National Institute of Ecology.",NA,451
lepidoptera_Cook_et_al_2021,"Cook, P., Tordoff, G., Davis, A., Parsons, M., Dennis, E., Fox, R., Botham, M., & Bourn, N. (2021). Traits data for the butterflies and macro-moths of Great Britain and Ireland, 2021. Ecology, 103(5), e3670. ",https://doi.org/10.5285/5b5a13b6-2304-47e3-9c9d-35237d1232c6,2198
lepidoptera_Correa-Carmona_et_al_2021,"Correa-Carmona, Y., Rougerie, R., Arnal, P., Ballesteros-Mejia, L., Beck, J., Dolédec, S., Ho, C., Kitching, I. J., Lavelle, P., Le Clec?h, S., & others. (2022). Functional and taxonomic responses of tropical moth communities to deforestation. Insect Conservation and Diversity, 15(2), 236?247. ",https://doi.org/10.1111/icad.12549,21
lepidoptera_Crist_and_Bean_unpublished,"Ockinger, E. (n.d.). Unpublished data for lepidoptera from Ohio.",NA,143
lepidoptera_Davis_et_al_2007,"Davis, J. D., Debinski, D. M., & Danielson, B. J. (2007). Local and landscape effects on the butterfly community in fragmented Midwest USA prairie habitats. Landscape Ecology, 22, 1341?1354. ",https://doi.org/10.1007/s10980-007-9111-9,148
lepidoptera_Debinski_et_al_2001,"Debinski, D. M., Ray, C., & Saveraid, E. H. (2001). Species diversity and the scale of the landscape mosaic: Do scales of movement and patch size affect diversity? Biological Conservation, 98(2), 179?190. ",https://doi.org/10.1016/S0006-3207(00)00153-1,176
lepidoptera_Franzen_et_al_2020,"Franzén, M., Betzholtz, P.-E., Pettersson, L. B., & Forsman, A. (2020). Urban moth communities suggest that life in the city favours thermophilic multi-dimensional generalists. Proceedings of the Royal Society B, 287(1928), 20193014. ",https://doi.org/10.1098/rspb.2019.3014,1845
lepidoptera_Garcia-Barros_2015,"GarcĪa-Barros Saura, E. & others. (2015). Multivariate indices as estimates of dry body weight for comparative study of body size in Lepidoptera. Nota Lepidopterologica. ",https://www.doi.org/10.3897/nl.38.8957,321
lepidoptera_Hamback_et_al_2007,"Hambäck, P. A., Summerville, K. S., Steffan-Dewenter, I., Krauss, J., Englund, G., & Crist, T. O. (2007). Habitat specialization, body size, and family identity explain lepidopteran density?area relationships in a cross-continental comparison. Proceedings of the National Academy of Sciences, 104(20), 8368?8373. ",https://doi.org/10.1073/pnas.0611462104,406
lepidoptera_Heidrich_et_al_2021,"Heidrich, L., Pinkert, S., Brandl, R., Bässler, C., Hacker, H., Roth, N., Busse, A., Müller, J., & Friess, N. (2021). Noctuid and geometrid moth assemblages show divergent elevational gradients in body size and color lightness. Ecography, 44(8), 1169?1179. ",https://doi.org/10.1111/ecog.05558,668
lepidoptera_Heidrich_et_al_unpublished,"Heidrich, L. (n.d.). Unpublished data on lepidoptera (moths) for all macrolepidoptera in Germany.",NA,1916
lepidoptera_Janzen_1984,"Janzen, D. H. (1984). Two ways to be a tropical big moth: Santa Rosa saturniids and sphingids. ",http://copa.acguanacaste.ac.cr:8080/bitstream/handle/11606/1311/Two%20ways%20to%20be%20a%20tropical%20big%20moth%20Santa%20Rosa%20saturniids%20and%20sphingids.pdf?sequence=1,33
lepidoptera_Kinsella_et_al_2020,"Kinsella, R. S., Thomas, C. D., Crawford, T. J., Hill, J. K., Mayhew, P. J., & Macgregor, C. J. (2020). Unlocking the potential of historical abundance datasets to study biomass change in flying insects. Ecology and Evolution, 10(15), 8394?8404. ",https://doi.org/10.1002/ece3.6546,303
lepidoptera_Mertens_et_al_2021,"Mertens, J. E., Brisson, L., Jane?ek, ?., Klomberg, Y., Maicher, V., SĀfiĀn, S., Delabye, S., Potock?, P., Kobe, I. N., Pyrcz, T., & others. (2021). Elevational and seasonal patterns of butterflies and hawkmoths in plant-pollinator networks in tropical rainforests of Mount Cameroon. Scientific Reports, 11(1), 1?12. ",https://doi.org/10.1038/s41598-021-89012-x,5
lepidoptera_Middleton-Welling_et_al_2020,"Middleton-Welling, J., Dapporto, L., GarcĪa-Barros, E., Wiemers, M., Nowicki, P., Plazio, E., Bonelli, S., Zaccagno, M., ?a?i?, M., Liparova, J., & others. (2020). A new comprehensive trait database of European and Maghreb butterflies, Papilionoidea. Scientific Data, 7(1), 351. ",https://doi.org/10.1038/s41597-020-00697-7,701
lepidoptera_Ockinger_et_al_2010,"Öckinger, E., Schweiger, O., Crist, T. O., Debinski, D. M., Krauss, J., Kuussaari, M., Petersen, J. D., Pöyry, J., Settele, J., Summerville, K. S., & others. (2010). Life-history traits predict species responses to habitat area and isolation: A cross-continental synthesis. Ecology Letters, 13(8), 969?979. ",https://doi.org/10.1111/j.1461-0248.2010.01487.x,1618
lepidoptera_Potocky_et_al_2018,"Potock?, P., Barto?ovĀ, A., Bene?, J., Zapletal, M., & Konvi?ka, M. (2018). Life-history traits of Central European moths: Gradients of variation and their association with rarity and threats. Insect Conservation and Diversity, 11(5), 493?505. ",https://doi.org/10.1111/icad.122911,1774
lepidoptera_Rabl_et_al_2020,"Rabl, D., Alonso-RodrĪguez, A. M., Brehm, G., & Fiedler, K. (2020). Trait variation in moths mirrors small-scaled ecological gradients in a tropical forest landscape. Insects, 11(9), 612. ",https://doi.org/10.3390/insects11090612,2
lepidoptera_Ribeiro_and_Freitas_2011,"Ribeiro, D. B., & Freitas, A. V. (2011). Large-sized insects show stronger seasonality than small-sized ones: A case study of fruit-feeding butterflies. Biological Journal of the Linnean Society, 104(4), 820?827. ",https://doi.org/10.1111/j.1095-8312.2011.01771.x,4
lepidoptera_Schmidt_and_Roland_2006,"Schmidt, N., & Roland, J. (2006). Moth diversity in a fragmented habitat: Importance of functional groups and landscape scale in the boreal forest. Annals of the Entomological Society of America, 99(6), 1110?1120. ",https://doi.org/10.1603/0013-8746(2006)99[1110:MDIAFH]2.0.CO;2,223
lepidoptera_Shirey_et_al_2022,"Shirey, V., Larsen, E., Doherty, A., Kim, C. A., Al-Sulaiman, F. T., Hinolan, J. D., Itliong, M. G. A., Naive, M. A. K., Ku, M., Belitz, M., & others. (2022). LepTraits 1.0 A globally comprehensive dataset of butterfly traits. Scientific Data, 9(1), 382. ",https://doi.org/10.1038/s41597-022-01473-5,1629
lepidoptera_Summerville_and_Crist_2004,"Summerville, K. S., & Crist, T. O. (2004). Contrasting effects of habitat quantity and quality on moth communities in fragmented landscapes. Ecography, 27(1), 3?12. ",https://doi.org/10.1111/j.0906-7590.2004.03664.x,407
lepidoptera_Summerville_et_al_2003,"Summerville, K. S., Boulware, M. J., Veech, J. A., & Crist, T. O. (2003). Spatial variation in species diversity and composition of forest Lepidoptera in eastern deciduous forests of North America. Conservation Biology, 17(4), 1045?1057. ",https://doi.org/10.1046/j.1523-1739.2003.02059.x,261
lepidoptera_Swanson_et_al_2016,"Swanson, E. M., Espeset, A., Mikati, I., Bolduc, I., Kulhanek, R., White, W. A., Kenzie, S., & Snell-Rood, E. C. (2016). Nutrition shapes life-history evolution across species. Proceedings of the Royal Society B: Biological Sciences, 283(1834), 20152764. ",https://doi.org/10.1098/rspb.2015.2764,261
lepidoptera_Swengel_and_Swengel_2001,"Swengel, A. B., & Swengel, S. R. (2001). Effects of prairie and barrens management on butterfly faunal composition. Biodiversity & Conservation, 10, 1757?1785. ",https://doi.org/10.1023/A:1012051510584,203
lepidoptera_Symonds_et_al_2012,"Symonds, M. R., Johnson, T. L., & Elgar, M. A. (2012). Pheromone production, male abundance, body size, and the evolution of elaborate antennae in moths. Ecology and Evolution, 2(1), 227?246. ",https://doi.org/10.1002/ece3.81,148
lepidoptera_Uhl_et_al_2021,"Uhl, B., Wölfling, M., & Fiedler, K. (2021). Qualitative and quantitative loss of habitat at different spatial scales affects functional moth diversity. Frontiers in Ecology and Evolution, 9, 637371. ",https://doi.org/10.3389/fevo.2021.637371,744
lepidoptera_Wolfling_et_al_2020,"Wölfling, M., Uhl, B., & Fiedler, K. (2020). Ecological Drift and Directional Community Change in an Isolated Mediterranean Forest Reserve?Larger Moth Species Under Higher Threat. Journal of Insect Science, 20(5), 7. ",https://doi.org/10.1093/jisesa/ieaa097,620
leptoceridae_Gullefors_and_Petersson_1993,"Gullefors, B., & Petersson, E. (1993). Sexual dimorphism in relation to swarming and pair formation patterns in Leptocerid caddisflies (Trichoptera: Leptoceridae). Journal of Insect Behavior, 6, 563?577. ",https://doi.org/10.1007/BF01048123,25
libellulidae_Suarez-Tovar_and_Sarmiento_2016,"SuĀrez-Tovar, C., & Sarmiento, C. (2016). Beyond the wing planform: Morphological differentiation between migratory and nonmigratory dragonfly species. Journal of Evolutionary Biology, 29(4), 690?703. ",https://doi.org/10.1111/jeb.12830,78
limnephild_Muller_et_al_2013,"Müller-Peddinghaus, E., & Hering, D. (2013). The wing morphology of limnephilid caddisflies in relation to their habitat preferences. Freshwater Biology, 58(6), 1138?1148. ",https://doi.org/10.1111/fwb.12114,31
mammalia_Soria_et_al_2021,"Soria, C. D., Pacifici, M., Di Marco, M., Stephen, S. M., & Rondinini, C. (2021). COMBINE: a coalesced mammal database of intrinsic and extrinsic traits. Ecology. ",https://doi.org/10.1002/ecy.3344,1159
maxillopoda_manual_addition_unpublished,"Portal, M. S. I. (n.d.). Website containing maxillopoda body size data. ",http://species-identification.org/,2
mecoptera_Hartbauer_et_al_2015,"Hartbauer, M., Gepp, J., Hinteregger, K., & Koblmüller, S. (2015). Diversity of wing patterns and abdomen-generated substrate sounds in 3 European scorpionfly species. Insect Science, 22(4), 521?531. ",https://doi.org/10.1111/1744-7917.12139,7
megachilidae_Hofmann_et_al_2017,"Hofmann, M. M., Fleischmann, A., & Renner, S. S. (2020). Foraging distances in six species of solitary bees with body lengths of 6 to 15 mm, inferred from individual tagging, suggest 150 m-rule-of-thumb for flower strip distances. Journal of Hymenoptera Research, 77, 105?117. ",https://www.doi.org/10.3897/jhr.77.51182,9
megachilidae_Sheffield_et_al_2011,"Sheffield, C. S., Ratti, C., Packer, L., & Griswold, T. (2011). Leafcutter and mason bees of the genus Megachile Latreille (Hymenoptera: Megachilidae) in Canada and Alaska. Canadian Journal of Arthropod Identification, 18, 1?107. ",https://www.doi.org/10.3752/cjai.2011.18,16
melipagidae_Symonds_et_al_2006,"Symonds, M. R., Christidis, L., & Johnson, C. N. (2006). Latitudinal gradients in abundance, and the causes of rarity in the tropics: A test using Australian honeyeaters (Aves: Meliphagidae). Oecologia, 149, 406?417. ",https://doi.org/10.1007/s00442-006-0456-6,36
membracidae_Burrows_2013,"Burrows, M. (2013). Jumping mechanisms of treehopper insects (Hemiptera, Auchenorrhyncha, Membracidae). Journal of Experimental Biology, 216(5), 788?799. ",https://doi.org/10.1242/jeb.078741,3
miridae_Sanchez_and_Cassis_2018,"Sanchez, J. A., & Cassis, G. (2018). Towards solving the taxonomic impasse of the biocontrol plant bug subgenus Dicyphus (Dicyphus)(Insecta: Heteroptera: Miridae) using molecular, morphometric and morphological partitions. Zoological Journal of the Linnean Society, 184(2), 330?406. ",https://doi.org/10.1093/zoolinnean/zly005,3
mutillidae_Wilson_et_al_2013,"Wilson, J. S., Jahner, J. P., Williams, K. A., & Forister, M. L. (2013). Ecological and evolutionary processes drive the origin and maintenance of imperfect mimicry. PloS One, 8(4), e61610. ",https://doi.org/10.1371/journal.pone.0061610,4
neuroptera_Burrows_and_Dorosenko_2014,"Burrows, M., & Dorosenko, M. (2014). Jumping mechanisms in lacewings (Neuroptera, Chrysopidae and Hemerobiidae). Journal of Experimental Biology, 217(23), 4252?4261. ",https://doi.org/10.1242/jeb.110841,1
noctuidae_Betzholtz_and_Franzen_2011,"Betzholtz, P. E., & Franzen, M. (2011). Mobility is related to species traits in noctuid moths. Ecological Entomology, 36(3), 369?376. ",https://doi.org/10.1111/j.1365-2311.2011.01281.x,1609
nymphalidae_Marini-Filho_and_Martins_2010,"Marini-Filho, O. J., & Martins, R. P. (2010). Nymphalid butterfly dispersal among forest fragments at Serra da Canastra National Park, Brazil. Journal of Insect Conservation, 14, 401?411. ",https://doi.org/10.1007/s10841-010-9271-9,6
odonata_Bowler_et_al_2021,"Bowler, D. E., Eichenberg, D., Conze, K.-J., Suhling, F., Baumann, K., Benken, T., Bönsel, A., Bittner, T., Drews, A., Günther, A., & others. (2021). Winners and losers over 35 years of dragonfly and damselfly distributional change in Germany. Diversity and Distributions, 27(8), 1353?1366. ",https://doi.org/10.1111/ddi.13274,268
odonata_Ilvonen_and_Suhonen_2016,"Ilvonen, J. J., & Suhonen, J. (2016). Phylogeny affects host?s weight, immune response and parasitism in damselflies and dragonflies. Royal Society Open Science, 3(11), 160421. ",https://doi.org/10.1098/rsos.160421,86
odonata_Rocha-Ortega_et_al_2020,"Rocha-Ortega, M., RodrĪguez, P., Bried, J., Abbott, J., & Córdoba-Aguilar, A. (2020). Why do bugs perish? Range size and local vulnerability traits as surrogates of Odonata extinction risk. Proceedings of the Royal Society B, 287(1924), 20192645. ",https://doi.org/10.1098/rspb.2019.2645,401
odonata_Serrano-Meneses_et_al_2008,"Serrano-Meneses, M., Cordoba-Aguilar, A., Azpilicueta-AmorĪn, M., GonzĀlez-Soriano, E., & Szekely, T. (2008). Sexual selection, sexual size dimorphism and Rensch?s rule in Odonata. Journal of Evolutionary Biology, 21(5), 1259?1273. ",https://doi.org/10.1111/j.1420-9101.2008.01567.x,239
odonata_Waller_et_al_2019,"Waller, J. T., Willink, B., Tschol, M., & Svensson, E. I. (2019). The odonate phenotypic database, a new open data resource for comparative studies of an old insect order. Scientific Data, 6(1), 316. ",https://doi.org/10.1038/s41597-019-0318-9,804
orthoptera_Bakewell_et_al_2020,"Bakewell, A. T., Davis, K. E., Freckleton, R. P., Isaac, N. J., & Mayhew, P. J. (2020). Comparing life histories across taxonomic groups in multiple dimensions: How mammal-like are insects? The American Naturalist, 195(1), 70?81. ",https://doi.org/10.1086/706195,227
orthoptera_Hochkirch_unpublished,"Hochkirch, A., & Gröning, J. (2008). Sexual size dimorphism in Orthoptera (sens. Str.)?A review. Journal of Orthoptera Research, 17(2), 189?196. ",https://doi.org/10.1665/1082-6467-17.2.189,217
pentatomidae_manual_addition_unpublished,"Agriculture, O. D. of. (n.d.). Stink bugs of Oregon. ",https://www.oregon.gov/oda/shared/Documents/Publications/IPPM/StinkBugGuide.pdf,18
plantae_Kattge_et_al_2019,"Boenisch, G., & Kattge, J. (2012). Plant Trait Database Website. ",https://www.try-db.org/TryWeb/Home.php,15210
polyplacophora_Galeana-Rebolledo_et_al_2014,"Galeana-Rebolledo, L., Flores-Garza, R., Reyes-Gómez, A., GarcĪa-IbĀżez, S., Flores-RodrĪguez, P., Torreblanca-RamĪrez, C., & Valdés-GonzĀlez, A. (2014). Species richness and community structure of class Polyplacophora at the intertidal rocky shore on the marine priority region no. 33, Mexico. Open Journal of Ecology, 2014. ",https://www.doi.org/10.4236/oje.2014.42006,1
pomacanthidae_Baraf_et_al_2019,"Baraf, L. M., Pratchett, M. S., & Cowman, P. F. (2019). Ancestral biogeography and ecology of marine angelfishes (F: Pomacanthidae). Molecular Phylogenetics and Evolution, 140, 106596. ",https://doi.org/10.1016/j.ympev.2019.106596,25
pomacanthidae_Frederich_et_al_2017,"Frédérich, B., Santini, F., Konow, N., Schnitzler, J., Lecchini, D., & Alfaro, M. E. (2017). Body shape convergence driven by small size optimum in marine angelfishes. Biology Letters, 13(6), 20170154. ",https://doi.org/10.1098/rsbl.2017.0154,24
pomacentridae_Barneche_et_al_2009,"Barneche, D. R., Floeter, S. R., Ceccarelli, D. M., Frensel, D. de M. B., Dinslaken, D. F., MĀrio, H., & Ferreira, C. E. (2009). Feeding macroecology of territorial damselfishes (Perciformes: Pomacentridae). Marine Biology, 156, 289?299. ",https://doi.org/10.1007/s00227-008-1083-z,7
pomacentridae_Frederich_et_al_2013,"Frédérich, B., Sorenson, L., Santini, F., Slater, G. J., & Alfaro, M. E. (2013). Iterative ecological radiation and convergence during the evolutionary history of damselfishes (Pomacentridae). The American Naturalist, 181(1), 94?113. ",https://doi.org/10.1086/668599,85
pomacentridae_McCord_et_al_2021,"McCord, C. L., Nash, C. M., Cooper, W. J., & Westneat, M. W. (2021). Phylogeny of the damselfishes (Pomacentridae) and patterns of asymmetrical diversification in body size and feeding ecology. PLoS One, 16(10), e0258889. ",https://doi.org/10.1371/journal.pone.0258889,86
psyllidae_Burrows_2012,"Burrows, M. (2012). Jumping mechanisms in jumping plant lice (Hemiptera, Sternorrhyncha, Psyllidae). Journal of Experimental Biology, 215(20), 3612?3621. ",https://doi.org/10.1242/jeb.074682,1
reptilia_Feldman_et_al_2015,"Feldman, A., Sabath, N., Pyron, R. A., Mayrose, I., & Meiri, S. (2016). Body sizes and diversification rates of lizards, snakes, amphisbaenians and the tuatara. Global Ecology and Biogeography, 25(2), 187?197. ",https://doi.org/10.1111/geb.12398,781
reptilia_Meiri_et_al_2018,"Meiri, S. (2018). Traits of lizards of the world: Variation around a successful evolutionary design. Global Ecology and Biogeography, 27(10), 1168?1172. ",https://doi.org/10.1111/geb.12773,507
satyrinae_Garcia-Barros_1994,"Garcia-Barros, E. (1994). Egg size variation in European satyrine butterflies (Nymphalidae, Satyrinae). Biological Journal of the Linnean Society, 51(3), 309?324. ",https://doi.org/10.1111/j.1095-8312.1994.tb00964.x,104
scarabaeidae_Davis_1996,"Davis, A. (1996). Community organization of dung beetles (Coleoptera: Scarabaeidae): Differences in body size and functional group structure between habitats. African Journal of Ecology, 34(3), 258?275. ",https://doi.org/10.1111/j.1365-2028.1996.tb00621.x,2
scarabaeidae_Griffiths_et_al_2016,"Griffiths, H. M., Louzada, J., Bardgett, R. D., & Barlow, J. (2016). Assessing the importance of intraspecific variability in dung beetle functional traits. PloS One, 11(3), e0145598. ",https://doi.org/10.1371/journal.pone.0145598,3
scarabaeidae_Noriega_et_al_2021,"Noriega, J. A., March-Salas, M., Castillo, S., GarcĪa-Q, H., Hortal, J., & Santos, A. M. (2021). Human perturbations reduce dung beetle diversity and dung removal ecosystem function. Biotropica, 53(3), 753?766. ",https://doi.org/10.1111/btp.12953,19
scarabaeidae_Verdu_et_al_2006,"VerdŻ, J., Arellano, L., & Numa, C. (2006). Thermoregulation in endothermic dung beetles (Coleoptera: Scarabaeidae): Effect of body size and ecophysiological constraints in flight. Journal of Insect Physiology, 52(8), 854?860. ",https://doi.org/10.1016/j.jinsphys.2006.05.005,2
scaridae_Shimose_et_al_2019,"Shimose, T., Kanaiwa, M., & Nanami, A. (2019). Influence of the flesh quality and body size on the auction price of parrotfishes (Scaridae) at tropical island, southern Japan: Implications for fisheries management. Regional Studies in Marine Science, 25, 100489. ",https://doi.org/10.1016/j.rsma.2018.100489,20
scarinae_Hoey_2018,"Hoey, A. S. (2018). Feeding in parrotfishes: The influence of species, body size, and temperature. In Biology of parrotfishes (pp. 119?133). CRC Press. ",https://www.taylorfrancis.com/chapters/edit/10.1201/9781315118079-6/feeding-parrotfishes-influence-species-body-size-temperature-andrew-hoey,26
silphidae_Collard_et_al_2020,"Collard, A. E., Wettlaufer, J. D., Burke, K. W., Beresford, D. V., & Martin, P. R. (2021). Body size variation in a guild of carrion beetles. Canadian Journal of Zoology, 99(2), 117?129. ",https://doi.org/10.1139/cjz-2020-0171,9
sphingidae_Beerli_et_al_2019,"Beerli, N., Bärtschi, F., Ballesteros-Mejia, L., Kitching, I. J., & Beck, J. (2019). How has the environment shaped geographical patterns of insect body sizes? A test of hypotheses using sphingid moths. Journal of Biogeography, 46(8), 1687?1698. ",https://doi.org/10.1111/jbi.13583,69
sphingidae_Mungee_and_Athreya_2021,"Mungee, M., & Athreya, R. (2021). Intraspecific trait variability and community assembly in hawkmoths (Lepidoptera: Sphingidae) across an elevational gradient in the eastern Himalayas, India. Ecology and Evolution, 11(6), 2471?2487. ",https://doi.org/10.1002/ece3.7054,6
staphylinidae_Hansen_et_al_2018,"Hansen, A. K., Justesen, M. J., Kepfer-Rojas, S., Byriel, D. B., Pedersen, J., Solodovnikov, A., & others. (2018). Ecogeographic patterns in a mainland-island system in Northern Europe as inferred from the rove beetles (Coleoptera: Staphylinidae) on Læs? island. EJE, 115(1), 256?263. ",https://www.doi.org/10.14411/eje.2018.025,332
syrphidae_Bugg_et_al_2008,"Bugg, R. L., Colfer, R. G., Chaney, W. E., Smith, H. A., & Cannon, J. (2008). Flower flies (Syrphidae) and other biological control agents for aphids in vegetable crops. ",https://doi.org/10.3733/ucanr.8285,16
syrphidae_Hallmann_et_al_2021,"Hallmann, C. A., Ssymank, A., Sorg, M., de Kroon, H., & Jongejans, E. (2021). Insect biomass decline scaled to species diversity: General patterns derived from a hoverfly community. Proceedings of the National Academy of Sciences, 118(2), e2002554117. ",https://doi.org/10.1073/pnas.2002554117,230
syrphidae_Klecka_et_al_2018,"Klecka, J., Hadrava, J., Biella, P., & Akter, A. (2018). Flower visitation by hoverflies (Diptera: Syrphidae) in a temperate plant-pollinator network. PeerJ, 6, e6025. ",https://doi.org/10.7717/peerj.6025,113
syrphidae_Leavey_et_al_2021,"Leavey, A., Taylor, C. H., Symonds, M. R., Gilbert, F., & Reader, T. (2021). Mapping the evolution of accurate Batesian mimicry of social wasps in hoverflies. Evolution, 75(11), 2802?2815. ",https://doi.org/10.1111/evo.14336,185
syrphidae_Miller_et_al_2013,"Miller, N., Al-Dobai, S., Legaspi, J., & Sivinski, J. (2013). Estimating attraction of Syrphidae (Diptera) to flowering plants with interception traps. Biocontrol Science and Technology, 23(9), 1040?1052. ",https://doi.org/10.1080/09583157.2013.813907,22
tenebrionidae_Fattorini_et_al_2013,"Fattorini, S., Sciotti, A., Tratzi, P., & Di Giulio, A. (2013). Species distribution, ecology, abundance, body size and phylogeny originate interrelated rarity patterns at regional scale. Journal of Zoological Systematics and Evolutionary Research, 51(4), 279?286. ",https://doi.org/10.1111/jzs.12026,9
tetraodontiformes_Santini_et_al_2013,"Santini, F., Sorenson, L., & Alfaro, M. E. (2013). A new multi-locus timescale reveals the evolutionary basis of diversity patterns in triggerfishes and filefishes (Balistidae, Monacanthidae; Tetraodontiformes). Molecular Phylogenetics and Evolution, 69(1), 165?176. ",https://doi.org/10.1016/j.ympev.2013.05.015,41
thysanoptera_manual_addition_unpublished,"Clarke, G. M., Gross, S., Matthews, M., Catling, P. C., Baker, B., Hewitt, C. L., Crowther, D., & Saddler, S. R. (2000). Environmental Pest Species in Australia, Australia: State of the Environment, Second Technical Paper Series (Biodiversity), Department of the Environment and Heritage, Canberra. ",http://hdl.handle.net/102.100.100/203987?index=1,1
tortricidae_Miller_1990,"Miller, W. E. & others. (1990). Body size and diet quality in the genus Cydia (Tortricidae). Journal of the Lepidopterists? Society, 44(3), 113?142.",https://www.cabdirect.org/cabdirect/abstract/19911152117,13
trichoptera_Jannot_2000,"Jannot, J. E. (2000). Body size, sexual dimorphism and allometry in adult Hydropsychidae (Trichoptera) [PhD Thesis, Montana State University-Bozeman, College of Letters & Science]. ",https://scholarworks.montana.edu/xmlui/bitstream/handle/1/8022/31762103388060.pdf?sequence=1,4
vespidae_Bissessarsingh_and_Starr_2021,"Bissessarsingh, M., & Starr, C. K. (2021). Comparative Morphology of the Stinger in Social Wasps (Hymenoptera: Vespidae). Insects, 12(8), 729. ",https://doi.org/10.3390/insects12080729,80
vespidae_Brito_et_al_2020,"Brito, E., SĀ, C., & Santos, G. (2020). Body size and its relation to the foraging schedules of social wasps. Neotropical Entomology, 49, 668?676. ",https://doi.org/10.1007/s13744-020-00789-4,1
zygentoma_Baltanas_et_al_2012,"BaltanĀs, R. M., Ricart, M. G., & de Roca, C. B. (2012). New data for a revision of the genus Ctenolepisma (Zygentoma: Lepismatidae): Redescription of Ctenolepisma lineata and new status for Ctenolepisma nicoletii. Annales de La Socie? Te? Entomologique de France. (Vol. 48, No. 1-2, pp. 66-80). Taylor & Francis Group.",https://doi.org/10.1080/00379271.2012.10697753,1
zygentoma_manual_addition_unpublished,"Aak, A., Rukke, B. A., Ottesen, P. S., & Hage, M. (2019). Long-tailed silverfish (Ctenolepisma longicaudata) ? biology and control. Norwegian Institute of Public Health. ",https://www.fhi.no/globalassets/dokumenterfiler/rapporter/2019/long-tailed-silverfish-ctenolepisma-longicaudata---biology-and-control.pdf,4
